Workbook

Sheet Notas Fiscais
A1: Nº da Nota | B1: Unidade | C1: Data de Emissão | D1: Valor ERP (R$) | E1: Valor Nota Fiscal (R$) | F1: Diferença (R$) | G1: Status | H1: Tipo de Divergência | I1: Dias de Atraso | J1: Valor em Risco (R$)
A2: NF-20260616-0001 | B2: UN Oeste | C2: 46189 | D2: 207670.57 | F2: =IF(E2="","",E2-D2) | G2: Pendente | I2: 0 | J2: =IF(G2="Divergente",ABS(F2),0) -> 0
A3: NF-20260616-0002 | B3: UN Centro | C3: 46189 | D3: 72358.52 | E3: 72358.52 | F3: =IF(E3="","",E3-D3) -> 0 | G3: Conciliado | I3: 0 | J3: =IF(G3="Divergente",ABS(F3),0) -> 0
A4: NF-20260616-0003 | B4: UN Centro | C4: 46189 | D4: 126614.18 | E4: 126614.18 | F4: =IF(E4="","",E4-D4) -> 0 | G4: Divergente | H4: Atraso na carga | I4: 2 | J4: =IF(G4="Divergente",ABS(F4),0) -> 0
A5: NF-20260616-0004 | B5: UN Oeste | C5: 46189 | D5: 70820.86 | E5: 70820.86 | F5: =IF(E5="","",E5-D5) -> 0 | G5: Conciliado | I5: 0 | J5: =IF(G5="Divergente",ABS(F5),0) -> 0
A6: NF-20260616-0005 | B6: UN Centro | C6: 46189 | D6: 85710.88 | E6: 85710.88 | F6: =IF(E6="","",E6-D6) -> 0 | G6: Conciliado | I6: 0 | J6: =IF(G6="Divergente",ABS(F6),0) -> 0
A7: NF-20260616-0006 | B7: UN Vale do Paraíba | C7: 46189 | D7: 292348.61 | E7: 292348.61 | F7: =IF(E7="","",E7-D7) -> 0 | G7: Divergente | H7: Atraso na carga | I7: 2 | J7: =IF(G7="Divergente",ABS(F7),0) -> 0
A8: NF-20260617-0007 | B8: UN Leste | C8: 46190 | D8: 280499.2 | E8: 280499.2 | F8: =IF(E8="","",E8-D8) -> 0 | G8: Divergente | H8: Atraso na carga | I8: 3 | J8: =IF(G8="Divergente",ABS(F8),0) -> 0
A9: NF-20260617-0008 | B9: UN Centro | C9: 46190 | D9: 83006.51 | E9: 83006.51 | F9: =IF(E9="","",E9-D9) -> 0 | G9: Conciliado | I9: 0 | J9: =IF(G9="Divergente",ABS(F9),0) -> 0
A10: NF-20260617-0009 | B10: UN Vale do Paraíba | C10: 46190 | D10: 111326.87 | E10: 111326.87 | F10: =IF(E10="","",E10-D10) -> 0 | G10: Conciliado | I10: 0 | J10: =IF(G10="Divergente",ABS(F10),0) -> 0
A11: NF-20260617-0010 | B11: UN Vale do Paraíba | C11: 46190 | D11: 114541.96 | E11: 117978.22 | F11: =IF(E11="","",E11-D11) -> 3436.26 | G11: Divergente | H11: Valor divergente | I11: 0 | J11: =IF(G11="Divergente",ABS(F11),0) -> 3436.26
A12: NF-20260617-0011 | B12: UN Centro | C12: 46190 | D12: 122681.42 | E12: 122681.42 | F12: =IF(E12="","",E12-D12) -> 0 | G12: Conciliado | I12: 0 | J12: =IF(G12="Divergente",ABS(F12),0) -> 0
A13: NF-20260618-0012 | B13: UN Norte | C13: 46191 | D13: 239520.84 | E13: 239520.84 | F13: =IF(E13="","",E13-D13) -> 0 | G13: Conciliado | I13: 0 | J13: =IF(G13="Divergente",ABS(F13),0) -> 0
A14: NF-20260618-0013 | B14: UN Norte | C14: 46191 | D14: 164895.15 | E14: 164895.15 | F14: =IF(E14="","",E14-D14) -> 0 | G14: Conciliado | I14: 0 | J14: =IF(G14="Divergente",ABS(F14),0) -> 0
A15: NF-20260618-0014 | B15: UN Vale do Paraíba | C15: 46191 | D15: 0 | E15: 380923.33 | F15: =IF(E15="","",E15-D15) -> 380923.33 | G15: Divergente | H15: Nota faltante na origem | I15: 0 | J15: =IF(G15="Divergente",ABS(F15),0) -> 380923.33
A16: NF-20260618-0015 | B16: UN Centro | C16: 46191 | D16: 252802.36 | E16: 252802.36 | F16: =IF(E16="","",E16-D16) -> 0 | G16: Conciliado | I16: 0 | J16: =IF(G16="Divergente",ABS(F16),0) -> 0
A17: NF-20260618-0016 | B17: UN Sul | C17: 46191 | D17: 159571.99 | E17: 159571.99 | F17: =IF(E17="","",E17-D17) -> 0 | G17: Conciliado | I17: 0 | J17: =IF(G17="Divergente",ABS(F17),0) -> 0
A18: NF-20260618-0017 | B18: UN Leste | C18: 46191 | D18: 0 | E18: 260369.77 | F18: =IF(E18="","",E18-D18) -> 260369.77 | G18: Divergente | H18: Nota faltante na origem | I18: 0 | J18: =IF(G18="Divergente",ABS(F18),0) -> 260369.77
A19: NF-20260618-0018 | B19: UN Oeste | C19: 46191 | D19: 449971.6 | E19: 449971.6 | F19: =IF(E19="","",E19-D19) -> 0 | G19: Conciliado | I19: 0 | J19: =IF(G19="Divergente",ABS(F19),0) -> 0
A20: NF-20260619-0019 | B20: UN Centro | C20: 46192 | D20: 287861.67 | E20: 287861.67 | F20: =IF(E20="","",E20-D20) -> 0 | G20: Conciliado | I20: 0 | J20: =IF(G20="Divergente",ABS(F20),0) -> 0
A21: NF-20260619-0020 | B21: UN Norte | C21: 46192 | D21: 183055.06 | E21: 183055.06 | F21: =IF(E21="","",E21-D21) -> 0 | G21: Conciliado | I21: 0 | J21: =IF(G21="Divergente",ABS(F21),0) -> 0
A22: NF-20260619-0021 | B22: UN Sul | C22: 46192 | D22: 290952.84 | E22: 290952.84 | F22: =IF(E22="","",E22-D22) -> 0 | G22: Conciliado | I22: 0 | J22: =IF(G22="Divergente",ABS(F22),0) -> 0
A23: NF-20260619-0022 | B23: UN Leste | C23: 46192 | D23: 455106.49 | E23: 455106.49 | F23: =IF(E23="","",E23-D23) -> 0 | G23: Conciliado | I23: 0 | J23: =IF(G23="Divergente",ABS(F23),0) -> 0
A24: NF-20260620-0023 | B24: UN Leste | C24: 46193 | D24: 359021.7 | E24: 359021.7 | F24: =IF(E24="","",E24-D24) -> 0 | G24: Conciliado | I24: 0 | J24: =IF(G24="Divergente",ABS(F24),0) -> 0
A25: NF-20260620-0024 | B25: UN Centro | C25: 46193 | D25: 476893.17 | E25: 476893.17 | F25: =IF(E25="","",E25-D25) -> 0 | G25: Conciliado | I25: 0 | J25: =IF(G25="Divergente",ABS(F25),0) -> 0
A26: NF-20260620-0025 | B26: UN Norte | C26: 46193 | D26: 352482.51 | E26: 352482.51 | F26: =IF(E26="","",E26-D26) -> 0 | G26: Conciliado | I26: 0 | J26: =IF(G26="Divergente",ABS(F26),0) -> 0
A27: NF-20260620-0026 | B27: UN Norte | C27: 46193 | D27: 40153.32 | E27: 40153.32 | F27: =IF(E27="","",E27-D27) -> 0 | G27: Conciliado | I27: 0 | J27: =IF(G27="Divergente",ABS(F27),0) -> 0
A28: NF-20260621-0027 | B28: UN Centro | C28: 46194 | D28: 0 | E28: 82693.11 | F28: =IF(E28="","",E28-D28) -> 82693.11 | G28: Divergente | H28: Nota faltante na origem | I28: 0 | J28: =IF(G28="Divergente",ABS(F28),0) -> 82693.11
A29: NF-20260621-0028 | B29: UN Oeste | C29: 46194 | D29: 362263.52 | E29: 362263.52 | F29: =IF(E29="","",E29-D29) -> 0 | G29: Conciliado | I29: 0 | J29: =IF(G29="Divergente",ABS(F29),0) -> 0
A30: NF-20260621-0029 | B30: UN Sul | C30: 46194 | D30: 66261.59 | E30: 66261.59 | F30: =IF(E30="","",E30-D30) -> 0 | G30: Conciliado | I30: 0 | J30: =IF(G30="Divergente",ABS(F30),0) -> 0
A31: NF-20260621-0030 | B31: UN Centro | C31: 46194 | D31: 155027.61 | E31: 155027.61 | F31: =IF(E31="","",E31-D31) -> 0 | G31: Divergente | H31: Atraso na carga | I31: 6 | J31: =IF(G31="Divergente",ABS(F31),0) -> 0
A32: NF-20260621-0031 | B32: UN Norte | C32: 46194 | D32: 347878.52 | E32: 347878.52 | F32: =IF(E32="","",E32-D32) -> 0 | G32: Conciliado | I32: 0 | J32: =IF(G32="Divergente",ABS(F32),0) -> 0
A33: NF-20260622-0032 | B33: UN Oeste | C33: 46195 | D33: 97914.41 | E33: 195828.82 | F33: =IF(E33="","",E33-D33) -> 97914.41 | G33: Divergente | H33: Nota duplicada | I33: 0 | J33: =IF(G33="Divergente",ABS(F33),0) -> 97914.41
A34: NF-20260622-0033 | B34: UN Vale do Paraíba | C34: 46195 | D34: 135001.24 | E34: 135001.24 | F34: =IF(E34="","",E34-D34) -> 0 | G34: Conciliado | I34: 0 | J34: =IF(G34="Divergente",ABS(F34),0) -> 0
A35: NF-20260622-0034 | B35: UN Centro | C35: 46195 | D35: 112054.29 | E35: 112054.29 | F35: =IF(E35="","",E35-D35) -> 0 | G35: Conciliado | I35: 0 | J35: =IF(G35="Divergente",ABS(F35),0) -> 0
A36: NF-20260622-0035 | B36: UN Oeste | C36: 46195 | D36: 218525.93 | E36: 218525.93 | F36: =IF(E36="","",E36-D36) -> 0 | G36: Conciliado | I36: 0 | J36: =IF(G36="Divergente",ABS(F36),0) -> 0
A37: NF-20260622-0036 | B37: UN Centro | C37: 46195 | D37: 173375.26 | E37: 168174 | F37: =IF(E37="","",E37-D37) -> -5201.26 | G37: Divergente | H37: Valor divergente | I37: 0 | J37: =IF(G37="Divergente",ABS(F37),0) -> 5201.26
A38: NF-20260622-0037 | B38: UN Vale do Paraíba | C38: 46195 | D38: 389042.9 | E38: 389042.9 | F38: =IF(E38="","",E38-D38) -> 0 | G38: Conciliado | I38: 0 | J38: =IF(G38="Divergente",ABS(F38),0) -> 0
A39: NF-20260622-0038 | B39: UN Sul | C39: 46195 | D39: 207354.01 | E39: 207354.01 | F39: =IF(E39="","",E39-D39) -> 0 | G39: Conciliado | I39: 0 | J39: =IF(G39="Divergente",ABS(F39),0) -> 0
A40: NF-20260623-0039 | B40: UN Leste | C40: 46196 | D40: 115774.29 | E40: 115774.29 | F40: =IF(E40="","",E40-D40) -> 0 | G40: Conciliado | I40: 0 | J40: =IF(G40="Divergente",ABS(F40),0) -> 0
A41: NF-20260623-0040 | B41: UN Sul | C41: 46196 | D41: 103036.43 | E41: 103036.43 | F41: =IF(E41="","",E41-D41) -> 0 | G41: Conciliado | I41: 0 | J41: =IF(G41="Divergente",ABS(F41),0) -> 0
A42: NF-20260623-0041 | B42: UN Leste | C42: 46196 | D42: 76070.82 | E42: 76070.82 | F42: =IF(E42="","",E42-D42) -> 0 | G42: Conciliado | I42: 0 | J42: =IF(G42="Divergente",ABS(F42),0) -> 0
A43: NF-20260623-0042 | B43: UN Centro | C43: 46196 | D43: 75658.97 | E43: 75658.97 | F43: =IF(E43="","",E43-D43) -> 0 | G43: Conciliado | I43: 0 | J43: =IF(G43="Divergente",ABS(F43),0) -> 0
A44: NF-20260623-0043 | B44: UN Leste | C44: 46196 | D44: 61642.01 | E44: 61642.01 | F44: =IF(E44="","",E44-D44) -> 0 | G44: Conciliado | I44: 0 | J44: =IF(G44="Divergente",ABS(F44),0) -> 0
A45: NF-20260623-0044 | B45: UN Sul | C45: 46196 | D45: 96847.72 | E45: 96847.72 | F45: =IF(E45="","",E45-D45) -> 0 | G45: Conciliado | I45: 0 | J45: =IF(G45="Divergente",ABS(F45),0) -> 0
A46: NF-20260623-0045 | B46: UN Norte | C46: 46196 | D46: 301025.64 | E46: 301025.64 | F46: =IF(E46="","",E46-D46) -> 0 | G46: Conciliado | I46: 0 | J46: =IF(G46="Divergente",ABS(F46),0) -> 0
A47: NF-20260624-0046 | B47: UN Sul | C47: 46197 | D47: 476896.22 | E47: 476896.22 | F47: =IF(E47="","",E47-D47) -> 0 | G47: Conciliado | I47: 0 | J47: =IF(G47="Divergente",ABS(F47),0) -> 0
A48: NF-20260624-0047 | B48: UN Sul | C48: 46197 | D48: 0 | E48: 170333.54 | F48: =IF(E48="","",E48-D48) -> 170333.54 | G48: Divergente | H48: Nota faltante na origem | I48: 0 | J48: =IF(G48="Divergente",ABS(F48),0) -> 170333.54
A49: NF-20260624-0048 | B49: UN Vale do Paraíba | C49: 46197 | D49: 149140.6 | E49: 149140.6 | F49: =IF(E49="","",E49-D49) -> 0 | G49: Conciliado | I49: 0 | J49: =IF(G49="Divergente",ABS(F49),0) -> 0
A50: NF-20260624-0049 | B50: UN Oeste | C50: 46197 | D50: 262350.53 | E50: 262350.53 | F50: =IF(E50="","",E50-D50) -> 0 | G50: Conciliado | I50: 0 | J50: =IF(G50="Divergente",ABS(F50),0) -> 0
A51: NF-20260625-0050 | B51: UN Norte | C51: 46198 | D51: 95971.14 | E51: 95971.14 | F51: =IF(E51="","",E51-D51) -> 0 | G51: Conciliado | I51: 0 | J51: =IF(G51="Divergente",ABS(F51),0) -> 0
A52: NF-20260625-0051 | B52: UN Leste | C52: 46198 | D52: 371164.33 | E52: 371164.33 | F52: =IF(E52="","",E52-D52) -> 0 | G52: Conciliado | I52: 0 | J52: =IF(G52="Divergente",ABS(F52),0) -> 0
A53: NF-20260625-0052 | B53: UN Vale do Paraíba | C53: 46198 | D53: 418496.26 | E53: 418496.26 | F53: =IF(E53="","",E53-D53) -> 0 | G53: Conciliado | I53: 0 | J53: =IF(G53="Divergente",ABS(F53),0) -> 0
A54: NF-20260625-0053 | B54: UN Norte | C54: 46198 | D54: 263278.59 | E54: 263278.59 | F54: =IF(E54="","",E54-D54) -> 0 | G54: Conciliado | I54: 0 | J54: =IF(G54="Divergente",ABS(F54),0) -> 0
A55: NF-20260625-0054 | B55: UN Norte | C55: 46198 | D55: 377372.06 | E55: 377372.06 | F55: =IF(E55="","",E55-D55) -> 0 | G55: Conciliado | I55: 0 | J55: =IF(G55="Divergente",ABS(F55),0) -> 0
A56: NF-20260625-0055 | B56: UN Centro | C56: 46198 | D56: 178349.25 | E56: 178349.25 | F56: =IF(E56="","",E56-D56) -> 0 | G56: Conciliado | I56: 0 | J56: =IF(G56="Divergente",ABS(F56),0) -> 0
A57: NF-20260625-0056 | B57: UN Oeste | C57: 46198 | D57: 392735.36 | E57: 392735.36 | F57: =IF(E57="","",E57-D57) -> 0 | G57: Conciliado | I57: 0 | J57: =IF(G57="Divergente",ABS(F57),0) -> 0
A58: NF-20260625-0057 | B58: UN Vale do Paraíba | C58: 46198 | D58: 391496.73 | E58: 391496.73 | F58: =IF(E58="","",E58-D58) -> 0 | G58: Conciliado | I58: 0 | J58: =IF(G58="Divergente",ABS(F58),0) -> 0
A59: NF-20260626-0058 | B59: UN Norte | C59: 46199 | D59: 358951.8 | E59: 358951.8 | F59: =IF(E59="","",E59-D59) -> 0 | G59: Conciliado | I59: 0 | J59: =IF(G59="Divergente",ABS(F59),0) -> 0
A60: NF-20260626-0059 | B60: UN Norte | C60: 46199 | D60: 242508.03 | E60: 242508.03 | F60: =IF(E60="","",E60-D60) -> 0 | G60: Conciliado | I60: 0 | J60: =IF(G60="Divergente",ABS(F60),0) -> 0
... A62: NF-20260626-0061 | B62: UN Vale do Paraíba | C62: 46199 | D62: 474617.13 | E62: 474617.13 | F62: =IF(E62="","",E62-D62) -> 0 | G62: Conciliado | I62: 0 | J62: =IF(G62="Divergente",ABS(F62),0) -> 0
A63: NF-20260626-0062 | B63: UN Norte | C63: 46199 | D63: 66242.16 | E63: 66242.16 | F63: =IF(E63="","",E63-D63) -> 0 | G63: Divergente | H63: Atraso na carga | I63: 3 | J63: =IF(G63="Divergente",ABS(F63),0) -> 0
A64: NF-20260626-0063 | B64: UN Norte | C64: 46199 | D64: 121968.01 | E64: 121968.01 | F64: =IF(E64="","",E64-D64) -> 0 | G64: Conciliado | I64: 0 | J64: =IF(G64="Divergente",ABS(F64),0) -> 0
A65: NF-20260626-0064 | B65: UN Centro | C65: 46199 | D65: 408195.99 | E65: 408195.99 | F65: =IF(E65="","",E65-D65) -> 0 | G65: Conciliado | I65: 0 | J65: =IF(G65="Divergente",ABS(F65),0) -> 0
A66: NF-20260627-0065 | B66: UN Vale do Paraíba | C66: 46200 | D66: 68150.32 | E66: 68150.32 | F66: =IF(E66="","",E66-D66) -> 0 | G66: Conciliado | I66: 0 | J66: =IF(G66="Divergente",ABS(F66),0) -> 0
A67: NF-20260627-0066 | B67: UN Sul | C67: 46200 | D67: 382036.3 | E67: 382036.3 | F67: =IF(E67="","",E67-D67) -> 0 | G67: Conciliado | I67: 0 | J67: =IF(G67="Divergente",ABS(F67),0) -> 0
A68: NF-20260627-0067 | B68: UN Sul | C68: 46200 | D68: 430054.95 | E68: 430054.95 | F68: =IF(E68="","",E68-D68) -> 0 | G68: Conciliado | I68: 0 | J68: =IF(G68="Divergente",ABS(F68),0) -> 0
A69: NF-20260627-0068 | B69: UN Vale do Paraíba | C69: 46200 | D69: 179632.74 | E69: 179632.74 | F69: =IF(E69="","",E69-D69) -> 0 | G69: Conciliado | I69: 0 | J69: =IF(G69="Divergente",ABS(F69),0) -> 0
A70: NF-20260627-0069 | B70: UN Vale do Paraíba | C70: 46200 | D70: 208127.32 | E70: 208127.32 | F70: =IF(E70="","",E70-D70) -> 0 | G70: Conciliado | I70: 0 | J70: =IF(G70="Divergente",ABS(F70),0) -> 0
A71: NF-20260627-0070 | B71: UN Leste | C71: 46200 | D71: 356159.4 | E71: 712318.8 | F71: =IF(E71="","",E71-D71) -> 356159.4 | G71: Divergente | H71: Nota duplicada | I71: 0 | J71: =IF(G71="Divergente",ABS(F71),0) -> 356159.4
A72: NF-20260628-0071 | B72: UN Oeste | C72: 46201 | D72: 295865.54 | E72: 295865.54 | F72: =IF(E72="","",E72-D72) -> 0 | G72: Conciliado | I72: 0 | J72: =IF(G72="Divergente",ABS(F72),0) -> 0
A73: NF-20260628-0072 | B73: UN Vale do Paraíba | C73: 46201 | D73: 95778.44 | E73: 95778.44 | F73: =IF(E73="","",E73-D73) -> 0 | G73: Conciliado | I73: 0 | J73: =IF(G73="Divergente",ABS(F73),0) -> 0
A74: NF-20260628-0073 | B74: UN Sul | C74: 46201 | D74: 325770.73 | E74: 325770.73 | F74: =IF(E74="","",E74-D74) -> 0 | G74: Conciliado | I74: 0 | J74: =IF(G74="Divergente",ABS(F74),0) -> 0
A75: NF-20260628-0074 | B75: UN Centro | C75: 46201 | D75: 276728.5 | F75: =IF(E75="","",E75-D75) | G75: Pendente | I75: 0 | J75: =IF(G75="Divergente",ABS(F75),0) -> 0
A76: NF-20260629-0075 | B76: UN Centro | C76: 46202 | D76: 367273.3 | E76: 734546.6 | F76: =IF(E76="","",E76-D76) -> 367273.3 | G76: Divergente | H76: Nota duplicada | I76: 0 | J76: =IF(G76="Divergente",ABS(F76),0) -> 367273.3
A77: NF-20260629-0076 | B77: UN Oeste | C77: 46202 | D77: 42597.18 | E77: 42597.18 | F77: =IF(E77="","",E77-D77) -> 0 | G77: Conciliado | I77: 0 | J77: =IF(G77="Divergente",ABS(F77),0) -> 0
A78: NF-20260629-0077 | B78: UN Centro | C78: 46202 | D78: 138242.73 | E78: 138242.73 | F78: =IF(E78="","",E78-D78) -> 0 | G78: Conciliado | I78: 0 | J78: =IF(G78="Divergente",ABS(F78),0) -> 0
A79: NF-20260629-0078 | B79: UN Norte | C79: 46202 | D79: 274958.74 | E79: 274958.74 | F79: =IF(E79="","",E79-D79) -> 0 | G79: Conciliado | I79: 0 | J79: =IF(G79="Divergente",ABS(F79),0) -> 0
A80: NF-20260630-0079 | B80: UN Vale do Paraíba | C80: 46203 | D80: 189202.81 | E80: 189202.81 | F80: =IF(E80="","",E80-D80) -> 0 | G80: Conciliado | I80: 0 | J80: =IF(G80="Divergente",ABS(F80),0) -> 0
A81: NF-20260630-0080 | B81: UN Centro | C81: 46203 | D81: 396771.16 | E81: 396771.16 | F81: =IF(E81="","",E81-D81) -> 0 | G81: Conciliado | I81: 0 | J81: =IF(G81="Divergente",ABS(F81),0) -> 0
A82: NF-20260630-0081 | B82: UN Centro | C82: 46203 | D82: 88843.47 | E82: 94142.88 | F82: =IF(E82="","",E82-D82) -> 5299.41 | G82: Divergente | H82: Valor divergente | I82: 0 | J82: =IF(G82="Divergente",ABS(F82),0) -> 5299.41
A83: NF-20260630-0082 | B83: UN Oeste | C83: 46203 | D83: 303849.59 | E83: 303849.59 | F83: =IF(E83="","",E83-D83) -> 0 | G83: Conciliado | I83: 0 | J83: =IF(G83="Divergente",ABS(F83),0) -> 0
A84: NF-20260701-0083 | B84: UN Oeste | C84: 46204 | D84: 93701.54 | E84: 93701.54 | F84: =IF(E84="","",E84-D84) -> 0 | G84: Conciliado | I84: 0 | J84: =IF(G84="Divergente",ABS(F84),0) -> 0
A85: NF-20260701-0084 | B85: UN Leste | C85: 46204 | D85: 280414.03 | E85: 280414.03 | F85: =IF(E85="","",E85-D85) -> 0 | G85: Conciliado | I85: 0 | J85: =IF(G85="Divergente",ABS(F85),0) -> 0
A86: NF-20260701-0085 | B86: UN Centro | C86: 46204 | D86: 268826.86 | E86: 268826.86 | F86: =IF(E86="","",E86-D86) -> 0 | G86: Conciliado | I86: 0 | J86: =IF(G86="Divergente",ABS(F86),0) -> 0
A87: NF-20260701-0086 | B87: UN Leste | C87: 46204 | D87: 427452.52 | E87: 854905.04 | F87: =IF(E87="","",E87-D87) -> 427452.52 | G87: Divergente | H87: Nota duplicada | I87: 0 | J87: =IF(G87="Divergente",ABS(F87),0) -> 427452.52
A88: NF-20260701-0087 | B88: UN Norte | C88: 46204 | D88: 48989.5 | E88: 48989.5 | F88: =IF(E88="","",E88-D88) -> 0 | G88: Divergente | H88: Atraso na carga | I88: 6 | J88: =IF(G88="Divergente",ABS(F88),0) -> 0
A89: NF-20260702-0088 | B89: UN Leste | C89: 46205 | D89: 229461.78 | E89: 229461.78 | F89: =IF(E89="","",E89-D89) -> 0 | G89: Conciliado | I89: 0 | J89: =IF(G89="Divergente",ABS(F89),0) -> 0
A90: NF-20260702-0089 | B90: UN Centro | C90: 46205 | D90: 302761.96 | E90: 302761.96 | F90: =IF(E90="","",E90-D90) -> 0 | G90: Conciliado | I90: 0 | J90: =IF(G90="Divergente",ABS(F90),0) -> 0
A91: NF-20260702-0090 | B91: UN Norte | C91: 46205 | D91: 233555.61 | E91: 233555.61 | F91: =IF(E91="","",E91-D91) -> 0 | G91: Conciliado | I91: 0 | J91: =IF(G91="Divergente",ABS(F91),0) -> 0
A92: NF-20260702-0091 | B92: UN Sul | C92: 46205 | D92: 258488.34 | E92: 258488.34 | F92: =IF(E92="","",E92-D92) -> 0 | G92: Conciliado | I92: 0 | J92: =IF(G92="Divergente",ABS(F92),0) -> 0
A93: NF-20260703-0092 | B93: UN Norte | C93: 46206 | D93: 445252.9 | E93: 445252.9 | F93: =IF(E93="","",E93-D93) -> 0 | G93: Conciliado | I93: 0 | J93: =IF(G93="Divergente",ABS(F93),0) -> 0
A94: NF-20260703-0093 | B94: UN Oeste | C94: 46206 | D94: 407999.9 | E94: 400973.45 | F94: =IF(E94="","",E94-D94) -> -7026.45 | G94: Divergente | H94: Valor divergente | I94: 0 | J94: =IF(G94="Divergente",ABS(F94),0) -> 7026.45
A95: NF-20260703-0094 | B95: UN Norte | C95: 46206 | D95: 62645.74 | E95: 62645.74 | F95: =IF(E95="","",E95-D95) -> 0 | G95: Conciliado | I95: 0 | J95: =IF(G95="Divergente",ABS(F95),0) -> 0
A96: NF-20260703-0095 | B96: UN Leste | C96: 46206 | D96: 125710.41 | E96: 125710.41 | F96: =IF(E96="","",E96-D96) -> 0 | G96: Conciliado | I96: 0 | J96: =IF(G96="Divergente",ABS(F96),0) -> 0
A97: NF-20260703-0096 | B97: UN Leste | C97: 46206 | D97: 0 | E97: 433661.89 | F97: =IF(E97="","",E97-D97) -> 433661.89 | G97: Divergente | H97: Nota faltante na origem | I97: 0 | J97: =IF(G97="Divergente",ABS(F97),0) -> 433661.89
A98: NF-20260703-0097 | B98: UN Oeste | C98: 46206 | D98: 143898.53 | E98: 143898.53 | F98: =IF(E98="","",E98-D98) -> 0 | G98: Divergente | H98: Atraso na carga | I98: 3 | J98: =IF(G98="Divergente",ABS(F98),0) -> 0
A99: NF-20260703-0098 | B99: UN Vale do Paraíba | C99: 46206 | D99: 458626.86 | E99: 458626.86 | F99: =IF(E99="","",E99-D99) -> 0 | G99: Conciliado | I99: 0 | J99: =IF(G99="Divergente",ABS(F99),0) -> 0
A100: NF-20260703-0099 | B100: UN Sul | C100: 46206 | D100: 103257.83 | E100: 103257.83 | F100: =IF(E100="","",E100-D100) -> 0 | G100: Conciliado | I100: 0 | J100: =IF(G100="Divergente",ABS(F100),0) -> 0
A101: NF-20260704-0100 | B101: UN Oeste | C101: 46207 | D101: 347845.6 | E101: 347845.6 | F101: =IF(E101="","",E101-D101) -> 0 | G101: Conciliado | I101: 0 | J101: =IF(G101="Divergente",ABS(F101),0) -> 0
...

Sheet Resumo
A1: Resumo · V360 Radar Fiscal
A3: Total de Notas (30 dias) | B3: =COUNTA('Notas Fiscais'!A2:A174) -> 173
A4: Notas Conciliadas | B4: =COUNTIF('Notas Fiscais'!G2:G174,"Conciliado") -> 132
A5: Notas Divergentes | B5: =COUNTIF('Notas Fiscais'!G2:G174,"Divergente") -> 31
A6: Notas Pendentes | B6: =COUNTIF('Notas Fiscais'!G2:G174,"Pendente") -> 10
A7: Taxa de Conciliação | B7: =B4/B3 -> 0.76300578
A8: Valor Total em Risco (R$) | B8: =SUM('Notas Fiscais'!J2:J174) -> 4294876.8
A9: Dias de Atraso (média p/ notas atrasadas) | B9: =IFERROR(AVERAGEIF('Notas Fiscais'!I2:I174,">0"),0) -> 3.5555556
A10: Dados simulados para prototipagem de dashboard (Power BI). Gerado automaticamente.
